{"accuracy": 0.8116, "n_samples": 10000, "model": "LinearSVC", "report": {"0": {"precision": 0.5320197044334976, "recall": 0.5853658536585366, "f1-score": 0.5574193548387096, "support": 369.0}, "1": {"precision": 0.6571428571428571, "recall": 0.6174496644295302, "f1-score": 0.6366782006920415, "support": 298.0}, "2": {"precision": 0.7737556561085973, "recall": 0.8636363636363636, "f1-score": 0.8162291169451074, "support": 198.0}, "3": {"precision": 0.945054945054945, "recall": 0.8865979381443299, "f1-score": 0.9148936170212766, "support": 97.0}, "4": {"precision": 0.7264957264957265, "recall": 0.799373040752351, "f1-score": 0.7611940298507462, "support": 319.0}, "5": {"precision": 0.9171974522292994, "recall": 0.9310344827586207, "f1-score": 0.9240641711229947, "support": 464.0}, "6": {"precision": 0.5157894736842106, "recall": 0.550561797752809, "f1-score": 0.532608695652174, "support": 89.0}, "7": {"precision": 0.7172557172557172, "recall": 0.6063268892794376, "f1-score": 0.6571428571428571, "support": 569.0}, "8": {"precision": 0.5854700854700855, "recall": 0.556910569105691, "f1-score": 0.5708333333333333, "support": 246.0}, "9": {"precision": 0.9294117647058824, "recall": 0.9372881355932203, "f1-score": 0.9333333333333333, "support": 590.0}, "10": {"precision": 0.968421052631579, "recall": 0.92, "f1-score": 0.9435897435897436, "support": 100.0}, "11": {"precision": 0.782312925170068, "recall": 0.7692307692307693, "f1-score": 0.7757166947723441, "support": 299.0}, "12": {"precision": 0.781491002570694, "recall": 0.7835051546391752, "f1-score": 0.7824967824967825, "support": 388.0}, "13": {"precision": 0.8009950248756219, "recall": 0.8131313131313131, "f1-score": 0.8070175438596491, "support": 594.0}, "14": {"precision": 0.896551724137931, "recall": 0.9322709163346613, "f1-score": 0.9140625, "support": 502.0}, "15": {"precision": 0.8709677419354839, "recall": 0.9, "f1-score": 0.8852459016393442, "support": 90.0}, "16": {"precision": 0.7823008849557522, "recall": 0.7478849407783418, "f1-score": 0.7647058823529411, "support": 591.0}, "17": {"precision": 0.7941176470588235, "recall": 0.8181818181818182, "f1-score": 0.8059701492537313, "support": 99.0}, "18": {"precision": 0.8460111317254174, "recall": 0.8172043010752689, "f1-score": 0.8313582497721057, "support": 558.0}, "19": {"precision": 0.7504520795660036, "recall": 0.75591985428051, "f1-score": 0.7531760435571688, "support": 549.0}, "20": {"precision": 0.8083832335329342, "recall": 0.7941176470588235, "f1-score": 0.8011869436201781, "support": 170.0}, "21": {"precision": 0.8941368078175895, "recall": 0.9273648648648649, "f1-score": 0.9104477611940298, "support": 592.0}, "22": {"precision": 0.7518248175182481, "recall": 0.6983050847457627, "f1-score": 0.7240773286467487, "support": 295.0}, "23": {"precision": 0.9733998337489609, "recall": 0.9709784411276948, "f1-score": 0.9721876297218763, "support": 1206.0}, "24": {"precision": 0.75, "recall": 0.8088737201365188, "f1-score": 0.7783251231527094, "support": 293.0}, "25": {"precision": 0.6832844574780058, "recall": 0.7103658536585366, "f1-score": 0.6965620328849028, "support": 328.0}, "26": {"precision": 1.0, "recall": 0.9813084112149533, "f1-score": 0.9905660377358491, "support": 107.0}, "accuracy": 0.8116, "macro avg": {"precision": 0.7938608795297754, "recall": 0.7956736231692557, "f1-score": 0.7941144095623214, "support": 10000.0}, "weighted avg": {"precision": 0.8117331016866117, "recall": 0.8116, "f1-score": 0.8110461528748015, "support": 10000.0}}}